{
  "Relevance": {
    "mean": 0.5464851881505204,
    "median": 0.54,
    "std": 0.253296961968146,
    "min": 0.1,
    "max": 1.0,
    "25th": 0.33,
    "75th": 0.76,
    "90th": 0.91
  },
  "Influence": {
    "mean": 0.5519535628502802,
    "median": 0.57,
    "std": 0.25928562069323013,
    "min": 0.1,
    "max": 1.0,
    "25th": 0.33,
    "75th": 0.77,
    "90th": 0.9
  },
  "Uniqueness": {
    "mean": 0.5434427542033626,
    "median": 0.53,
    "std": 0.2611236753794845,
    "min": 0.1,
    "max": 1.0,
    "25th": 0.31,
    "75th": 0.77,
    "90th": 0.91
  },
  "Click_Probability": {
    "mean": 0.5449879903923139,
    "median": 0.54,
    "std": 0.26001051633665473,
    "min": 0.1,
    "max": 1.0,
    "25th": 0.32,
    "75th": 0.77,
    "90th": 0.9
  },
  "Diversity": {
    "mean": 0.553626901521217,
    "median": 0.54,
    "std": 0.2565948588405869,
    "min": 0.1,
    "max": 1.0,
    "25th": 0.33,
    "75th": 0.78,
    "90th": 0.91
  },
  "WC": {
    "mean": 0.9085178585844677,
    "median": 1.0,
    "std": 0.26110140269286497,
    "min": 0.003220612,
    "max": 1.0,
    "25th": 1.0,
    "75th": 1.0,
    "90th": 1.0
  },
  "Subjective_Position": {
    "mean": 0.5451160928742994,
    "median": 0.54,
    "std": 0.26080282881528577,
    "min": 0.1,
    "max": 1.0,
    "25th": 0.33,
    "75th": 0.77,
    "90th": 0.91
  },
  "Subjective_Count": {
    "mean": 0.5537710168134509,
    "median": 0.55,
    "std": 0.259668394474162,
    "min": 0.1,
    "max": 1.0,
    "25th": 0.33,
    "75th": 0.77,
    "90th": 0.91
  },
  "query_length": {
    "mean": 8.262610088070456,
    "median": 7.0,
    "std": 6.936170979832359,
    "min": 1.0,
    "max": 141.0,
    "25th": 5.0,
    "75th": 10.0,
    "90th": 14.0
  },
  "query_type_list": {
    "mean": 0.02642113690952762,
    "median": 0.0,
    "std": 0.16044834639399047,
    "min": 0.0,
    "max": 1.0,
    "25th": 0.0,
    "75th": 0.0,
    "90th": 0.0
  },
  "query_type_opinion": {
    "mean": 0.006405124099279423,
    "median": 0.0,
    "std": 0.07980725482335804,
    "min": 0.0,
    "max": 1.0,
    "25th": 0.0,
    "75th": 0.0,
    "90th": 0.0
  },
  "query_type_other": {
    "mean": 0.7269815852682145,
    "median": 1.0,
    "std": 0.445688678224842,
    "min": 0.0,
    "max": 1.0,
    "25th": 0.0,
    "75th": 1.0,
    "90th": 1.0
  },
  "num_sources": {
    "mean": 5.0928742994395515,
    "median": 5.0,
    "std": 0.6906115956263937,
    "min": 3.0,
    "max": 10.0,
    "25th": 5.0,
    "75th": 5.0,
    "90th": 5.0
  },
  "domain_freq": {
    "mean": 1.0512409927942354,
    "median": 1.0,
    "std": 0.2951539369945332,
    "min": 1.0,
    "max": 5.0,
    "25th": 1.0,
    "75th": 1.0,
    "90th": 1.0
  }
}